source,target,regex,code,type,hits,title,status
"/","https://angiecreates.io",0,301,"url",0,"","active"
"/about","https://angiecreates.io/english/",0,301,"url",0,"","active"
"/about/","https://angiecreates.io/english/",0,301,"url",0,"","active"
"/subscribe","https://mit886.substack.com/",0,301,"url",0,"","active"
"/subscribe/","https://mit886.substack.com/",0,301,"url",0,"","active"
"/curious-barbell-podcast/","https://angiecreates.io/podcast/",0,301,"url",0,"","active"
"/courses/","https://angiecreates.io/blog/",0,301,"url",0,"","active"
"/overseas/","https://angiecreates.io/blog/",0,301,"url",0,"","active"
"/overseasform/","https://angiecreates.io/blog/",0,301,"url",0,"","active"
"/events/","https://angiecreates.io/event/",0,301,"url",0,"","active"
"/podcast-event-sam/","https://angiecreates.io/event/",0,301,"url",0,"","active"
"/email/","https://mit886.substack.com/",0,301,"url",0,"","active"
"/泰拳選手的肌力與體能訓練預防泰拳傷害與增進拳/","https://angiecreates.io/muaythaitraining/",0,301,"url",0,"","active"
"/episode-1-跟好奇槓鈴一起探索健身重訓與人生/","https://angiecreates.io/podcast-ep1/",0,301,"url",0,"","active"
"/運動科學海外台灣人交流表單/","https://angiecreates.io/blog/",0,301,"url",0,"","active"
"/ep5-健身教練的拼圖-以人本關懷為根的訓練，找到屬/","https://angiecreates.io/podcast-ep5/",0,301,"url",0,"","active"
"/ep29-在生命變化的旅程，找到健康真正的意義-ft-享吃吧/","https://angiecreates.io/podcast-ep29-thefoodiefitness/",0,301,"url",0,"","active"
"/恭喜你成功報名「做自己的健身教練」！/","https://angiecreates.io/blog/",0,301,"url",0,"","active"
"/膽囊切除後的增肌飲食選擇/","https://angiecreates.io/%e8%86%bd%e5%9b%8a%e5%88%87%e9%99%a4%e5%be%8c%e7%9a%84%e5%a2%9e%e8%82%8c%e9%a3%b2%e9%a3%9f%e9%81%b8%e6%93%87/",0,301,"url",0,"","active"
"/健身重訓入門四）新手如何選擇適合自己的器材/","https://angiecreates.io/%e5%81%a5%e8%ba%ab%e9%87%8d%e8%a8%93%e5%85%a5%e9%96%80%e5%9b%9b%ef%bc%89%e6%96%b0%e6%89%8b%e5%a6%82%e4%bd%95%e9%81%b8%e6%93%87%e9%81%a9%e5%90%88%e8%87%aa%e5%b7%b1%e7%9a%84%e5%99%a8%e6%9d%90/",0,301,"url",0,"","active"
"/podcast-ep6-vagawellness/","https://angiecreates.io/podcast-ep6/",0,301,"url",0,"","active"
"/3102-2/","https://angiecreates.io/3102-2/",0,301,"url",0,"","active"
"/beginner-ch2-training-benefits/","https://angiecreates.io/beginner-ch2-training-benefits/",0,301,"url",0,"","active"
"/beginner-ch3-what-is-weight-training/","https://angiecreates.io/beginner-ch3-what-is-weight-training/",0,301,"url",0,"","active"
"/beginner-series-intro/","https://angiecreates.io/beginner-series-intro/",0,301,"url",0,"","active"
"/best-system/","https://angiecreates.io/best-system/",0,301,"url",0,"","active"
"/bookclub-fitness-entrepreneur/","https://angiecreates.io/bookclub-fitness-entrepreneur/",0,301,"url",0,"","active"
"/career-choice/","https://angiecreates.io/career-choice/",0,301,"url",0,"","active"
"/digital-nomad/","https://angiecreates.io/digital-nomad/",0,301,"url",0,"","active"
"/digitalnomad-reflections/","https://angiecreates.io/digitalnomad-reflections/",0,301,"url",0,"","active"
"/dunning-krugger-effect/","https://angiecreates.io/dunning-krugger-effect/",0,301,"url",0,"","active"
"/ep-59-wild-couple-fitness/","https://angiecreates.io/ep-59-wild-couple-fitness/",0,301,"url",0,"","active"
"/ep63-marianafletcher/","https://angiecreates.io/ep63-marianafletcher/",0,301,"url",0,"","active"
"/event/","https://angiecreates.io/event/",0,301,"url",0,"","active"
"/fear-setting-20191021/","https://angiecreates.io/fear-setting-20191021/",0,301,"url",0,"","active"
"/foot-pain-assessment-corrective-exercises/","https://angiecreates.io/foot-pain-assessment-corrective-exercises/",0,301,"url",0,"","active"
"/gray-institute/","https://angiecreates.io/gray-institute/",0,301,"url",0,"","active"
"/guest-interview-work-from-home/","https://angiecreates.io/guest-interview-work-from-home/",0,301,"url",0,"","active"
"/gymefit-warm-ups/","https://angiecreates.io/blog/",0,301,"url",0,"","active"
"/meditation/","https://angiecreates.io/meditation-teacher/",0,301,"url",0,"","active"
"/meditation-teacher/","https://angiecreates.io/meditation-teacher/",0,301,"url",0,"","active"
"/menstruation-hormone-lifting/","https://angiecreates.io/menstruation-hormone-lifting/",0,301,"url",0,"","active"
"/moving-on/","https://angiecreates.io/moving-on/",0,301,"url",0,"","active"
"/muaythaitraining/","https://angiecreates.io/muaythaitraining/",0,301,"url",0,"","active"
"/nasm-cpt-deadlift-meet/","https://angiecreates.io/nasm-cpt-deadlift-meet/",0,301,"url",0,"","active"
"/nlplifedesign/","https://angiecreates.io/nlplifedesign/",0,301,"url",0,"","active"
"/online-course-guide-01-zoom/","https://angiecreates.io/online-course-guide-01-zoom/",0,301,"url",0,"","active"
"/podcast-guide/","https://angiecreates.io/podcast/",0,301,"url",0,"","active"
"/powerlifting-periodization/","https://angiecreates.io/powerlifting-periodization/",0,301,"url",0,"","active"
"/reinvent-course-reflection-1/","https://angiecreates.io/reinvent-course-reflection-1/",0,301,"url",0,"","active"
"/soulcycle-julie-rice-interview/","https://angiecreates.io/soulcycle-julie-rice-interview/",0,301,"url",0,"","active"
"/training-goal-setting/","https://angiecreates.io/training-goal-setting/",0,301,"url",0,"","active"
"/training-resources/","https://angiecreates.io/training-resources/",0,301,"url",0,"","active"
"/athletic-training-anita-huang/","https://angiecreates.io/blog/",0,301,"url",0,"","active"
"/email-fitness-entrepreneur-book-club/","https://angiecreates.io/bookclub-fitness-entrepreneur/",0,301,"url",0,"","active"
"/email-storybrand/","https://angiecreates.io/blog/",0,301,"url",0,"","active"
"/annualreflectionevent/","https://angiecreates.io/blog/",0,301,"url",0,"","active"
"/newsletter-08/","https://angiecreates.io/blog/",0,301,"url",0,"","active"
"/newsletter-10/","https://angiecreates.io/blog/",0,301,"url",0,"","active"
"/coachyrselfregsucess/","https://angiecreates.io/blog/",0,301,"url",0,"","active"
"/wop/","https://angiecreates.io/wop/",0,301,"url",0,"","active"
"/podcast-ep1/","https://angiecreates.io/podcast-ep1/",0,301,"url",0,"","active"
"/podcast-ep2/","https://angiecreates.io/podcast-ep2/",0,301,"url",0,"","active"
"/podcast-ep3/","https://angiecreates.io/podcast-ep3/",0,301,"url",0,"","active"
"/podcast-ep4/","https://angiecreates.io/podcast-ep4/",0,301,"url",0,"","active"
"/podcast-ep5/","https://angiecreates.io/podcast-ep5/",0,301,"url",0,"","active"
"/podcast-ep6/","https://angiecreates.io/podcast-ep6/",0,301,"url",0,"","active"
"/podcast-ep7/","https://angiecreates.io/podcast-ep7/",0,301,"url",0,"","active"
"/podcast-ep8/","https://angiecreates.io/podcast-ep8/",0,301,"url",0,"","active"
"/podcast-ep9/","https://angiecreates.io/podcast-ep9/",0,301,"url",0,"","active"
"/podcast-ep10/","https://angiecreates.io/podcast-ep10/",0,301,"url",0,"","active"
"/podcast-ep11/","https://angiecreates.io/podcast-ep11/",0,301,"url",0,"","active"
"/podcast-ep12/","https://angiecreates.io/podcast-ep12/",0,301,"url",0,"","active"
"/podcast-ep13/","https://angiecreates.io/podcast-ep13/",0,301,"url",0,"","active"
"/podcast-ep14/","https://angiecreates.io/podcast-ep14/",0,301,"url",0,"","active"
"/podcast-ep15/","https://angiecreates.io/podcast-ep15/",0,301,"url",0,"","active"
"/podcast-ep16/","https://angiecreates.io/podcast-ep16/",0,301,"url",0,"","active"
"/podcast-ep17/","https://angiecreates.io/podcast-ep17/",0,301,"url",0,"","active"
"/podcast-ep18/","https://angiecreates.io/podcast-ep18/",0,301,"url",0,"","active"
"/podcast-ep19/","https://angiecreates.io/podcast-ep19/",0,301,"url",0,"","active"
"/podcast-ep20/","https://angiecreates.io/podcast-ep20/",0,301,"url",0,"","active"
"/podcast-ep23/","https://angiecreates.io/podcast-ep23/",0,301,"url",0,"","active"
"/podcast-ep24/","https://angiecreates.io/podcast-ep24/",0,301,"url",0,"","active"
"/podcast-ep25/","https://angiecreates.io/podcast-ep25/",0,301,"url",0,"","active"
"/podcast-ep26/","https://angiecreates.io/podcast-ep26/",0,301,"url",0,"","active"
"/podcast-ep27-phd-funding-austin/","https://angiecreates.io/podcast-ep27-phd-funding-austin/",0,301,"url",0,"","active"
"/podcast-ep28-ut-austin-phd/","https://angiecreates.io/podcast-ep28-ut-austin-phd/",0,301,"url",0,"","active"
"/podcast-ep29-thefoodiefitness/","https://angiecreates.io/podcast-ep29-thefoodiefitness/",0,301,"url",0,"","active"
"/podcast-ep30-may-ig-anthropology/","https://angiecreates.io/podcast-ep30-may-ig-anthropology/",0,301,"url",0,"","active"
"/podcast-ep31-ntu-gender-sports/","https://angiecreates.io/podcast-ep31-ntu-gender-sports/",0,301,"url",0,"","active"
"/podcast-ep31-letmiafixyou/","https://angiecreates.io/podcast-ep31-letmiafixyou/",0,301,"url",0,"","active"
"/podcast-ep33-infinity-nozznel/","https://angiecreates.io/blog/",0,301,"url",0,"","active"
"/podcast-ep34-hip-dysfunction-gait-analysis/","https://angiecreates.io/podcast-ep34-hip-dysfunction-gait-analysis/",0,301,"url",0,"","active"
"/podcast-ep35-uic-kinesiology-phd/","https://angiecreates.io/podcast-ep35-uic-kinesiology-phd/",0,301,"url",0,"","active"
"/podcast-ep36-bingobilinguo/","https://angiecreates.io/podcast-ep36-bingobilinguo/",0,301,"url",0,"","active"
"/podcast-ep37-understand-depression/","https://angiecreates.io/podcast-ep37-understand-depression/",0,301,"url",0,"","active"
"/podcast-ep38-us-basketball-team/","https://angiecreates.io/podcast-ep38-us-basketball-team/",0,301,"url",0,"","active"
"/podcast-ep39-ucl-sportsmedicine/","https://angiecreates.io/blog/",0,301,"url",0,"","active"
"/podcast-ep44-girl-power-room-pei/","https://angiecreates.io/podcast-ep44-girl-power-room-pei/",0,301,"url",0,"","active"
"/podcast-ep45-serenayoga-dentist/","https://angiecreates.io/podcast-ep45-serenayoga-dentist/",0,301,"url",0,"","active"
"/podcast-ep46-serenayoga-meditation-pain/","https://angiecreates.io/podcast-ep46-serenayoga-meditation-pain/",0,301,"url",0,"","active"
"/podcast-ep46-fem-irene/","https://angiecreates.io/podcast-ep46-fem-irene/",0,301,"url",0,"","active"
"/marriage-01-intro/","https://angiecreates.io/pathlesspathmarriage/",0,301,"url",0,"","active"
"/marriage-02-date/","https://angiecreates.io/pathlesspathmarriage/",0,301,"url",0,"","active"
"/marriage-03-nomad/","https://angiecreates.io/pathlesspathmarriage/",0,301,"url",0,"","active"
"/marriage-04-solopreneur/","https://angiecreates.io/pathlesspathmarriage/",0,301,"url",0,"","active"
"/marriage-05-final/","https://angiecreates.io/pathlesspathmarriage/",0,301,"url",0,"","active"
"/thoughts/","https://angiecreates.io/blog/",0,301,"url",0,"","active"
"/podcast-ep27-phd-funding-austin/","https://angiecreates.io/podcast-ep27-phd-funding-austin/",0,301,"url",0,"","active"
"/angie-wang-bio/","https://angiecreates.io/english/",0,301,"url",0,"","active"
"/strength-training/","https://angiecreates.io/blog/",0,301,"url",0,"","active"
"/gymefitcoachinterviews/","https://angiecreates.io/blog/",0,301,"url",0,"","active"
"/certificates/","https://angiecreates.io/english/",0,301,"url",0,"","active"
"/nomadictaiwanese/","https://angiecreates.io/blog/",0,301,"url",0,"","active"
"/about/angie-coaching-experience/","https://angiecreates.io/english/",0,301,"url",0,"","active"
"/coaching-experiences/","https://angiecreates.io/english/",0,301,"url",0,"","active"
"/home/overseas/","https://angiecreates.io/blog/",0,301,"url",0,"","active"
"/course-subscribe/","https://angiecreates.io/blog/",0,301,"url",0,"","active"
"/thank-you-for-subscribing/","https://angiecreates.io/",0,301,"url",0,"","active"
"/thankyoucbschool/","https://angiecreates.io/",0,301,"url",0,"","active"
"/we-have-officially-changed-our-name-of-transformation-lab-to-curious-barbell/","https://angiecreates.io/",0,301,"url",0,"","active"
"/%e8%81%af%e7%b5%a1/","https://angiecreates.io/english/",0,301,"url",0,"","active"
"/%e5%81%a5%e8%ba%ab%e9%87%8d%e8%a8%93%e5%85%a5%e9%96%80%e5%9b%9b%ef%bc%89%e6%96%b0%e6%89%8b%e5%a6%82%e4%bd%95%e9%81%b8%e6%93%87%e9%81%a9%e5%90%88%e8%87%aa%e5%b7%b1%e7%9a%84%e5%99%a8%e6%9d%90/","https://angiecreates.io/%e5%81%a5%e8%ba%ab%e9%87%8d%e8%a8%93%e5%85%a5%e9%96%80%e5%9b%9b%ef%bc%89%e6%96%b0%e6%89%8b%e5%a6%82%e4%bd%95%e9%81%b8%e6%93%87%e9%81%a9%e5%90%88%e8%87%aa%e5%b7%b1%e7%9a%84%e5%99%a8%e6%9d%90/",0,301,"url",0,"","active"
"/%e8%86%bd%e5%9b%8a%e5%88%87%e9%99%a4%e5%be%8c%e7%9a%84%e5%a2%9e%e8%82%8c%e9%a3%b2%e9%a3%9f%e9%81%b8%e6%93%87/","https://angiecreates.io/%e8%86%bd%e5%9b%8a%e5%88%87%e9%99%a4%e5%be%8c%e7%9a%84%e5%a2%9e%e8%82%8c%e9%a3%b2%e9%a3%9f%e9%81%b8%e6%93%87/",0,301,"url",0,"","active"
